{"cameraMode":{"drawMode":0,"name":"Shaded","section":"Shading Mode"},"sceneLighting":true,"audioPlay":false,"sceneViewState":{"showFog":true,"showMaterialUpdate":false,"showSkybox":true,"showFlares":true,"showImageEffects":true,"showParticleSystems":true},"in2DMode":false,"pivot":{"x":-1.5456351041793824,"y":-0.35419178009033205,"z":3.036090850830078},"rotation":{"x":0.25396794080734255,"y":0.014502793550491333,"z":-0.0038086820859462024,"w":0.9670964479446411},"size":5.707395553588867,"orthographic":false}