{"cameraMode":{"drawMode":0,"name":"Shaded","section":"Shading Mode"},"sceneLighting":false,"audioPlay":false,"sceneViewState":{"showFog":true,"showMaterialUpdate":false,"showSkybox":false,"showFlares":true,"showImageEffects":true,"showParticleSystems":true},"in2DMode":false,"pivot":{"x":3.9623892307281496,"y":0.7262835502624512,"z":-6.292727470397949},"rotation":{"x":-0.1084381565451622,"y":0.806178867816925,"z":-0.15600448846817017,"w":-0.5603387355804443},"size":4.022883415222168,"orthographic":false}