{"cameraMode":{"drawMode":0,"name":"Shaded","section":"Shading Mode"},"sceneLighting":false,"audioPlay":false,"sceneViewState":{"showFog":true,"showMaterialUpdate":false,"showSkybox":false,"showFlares":true,"showImageEffects":true,"showParticleSystems":true},"in2DMode":false,"pivot":{"x":0.3889608383178711,"y":2.9646291732788088,"z":-9.217216491699219},"rotation":{"x":0.008320845663547516,"y":0.9186404347419739,"z":-0.3945309817790985,"w":0.01938783936202526},"size":3.0481443405151369,"orthographic":false}