{"cameraMode":{"drawMode":0,"name":"Shaded","section":"Shading Mode"},"sceneLighting":true,"audioPlay":false,"sceneViewState":{"showFog":true,"showMaterialUpdate":false,"showSkybox":true,"showFlares":true,"showImageEffects":true,"showParticleSystems":true},"in2DMode":false,"pivot":{"x":-38.721195220947269,"y":-0.671546459197998,"z":0.5621368885040283},"rotation":{"x":-0.023284556344151498,"y":0.689213752746582,"z":-0.022163497284054757,"w":-0.7238446474075317},"size":44.392086029052737,"orthographic":false}