{"cameraMode":{"drawMode":0,"name":"Shaded","section":"Shading Mode"},"sceneLighting":false,"audioPlay":false,"sceneViewState":{"showFog":true,"showMaterialUpdate":false,"showSkybox":false,"showFlares":true,"showImageEffects":true,"showParticleSystems":true},"in2DMode":false,"pivot":{"x":0.009999990463256836,"y":1.013411283493042,"z":-6.216643810272217},"rotation":{"x":0.25344085693359377,"y":0.659281313419342,"z":-0.25268179178237917,"w":0.6612622737884522},"size":7.3023786544799809,"orthographic":false}