{"cameraMode":{"drawMode":0,"name":"Shaded","section":"Shading Mode"},"sceneLighting":false,"audioPlay":false,"sceneViewState":{"showFog":true,"showMaterialUpdate":false,"showSkybox":false,"showFlares":true,"showImageEffects":true,"showParticleSystems":true},"in2DMode":false,"pivot":{"x":0.9713531732559204,"y":-0.9431302547454834,"z":-2.0029358863830568},"rotation":{"x":0.05722220614552498,"y":0.9390591382980347,"z":-0.278842568397522,"w":0.19271868467330934},"size":7.092565059661865,"orthographic":false}