{"cameraMode":{"drawMode":0,"name":"Shaded","section":"Shading Mode"},"sceneLighting":true,"audioPlay":false,"sceneViewState":{"showFog":true,"showMaterialUpdate":true,"showSkybox":true,"showFlares":true,"showImageEffects":true,"showParticleSystems":true},"in2DMode":false,"pivot":{"x":17.59993553161621,"y":14.273404121398926,"z":-8.962545394897461},"rotation":{"x":0.26754552125930788,"y":-0.4806830585002899,"z":0.15678992867469788,"w":0.8202317953109741},"size":15.380282402038575,"orthographic":false}