{"cameraMode":{"drawMode":0,"name":"Shaded","section":"Shading Mode"},"sceneLighting":false,"audioPlay":false,"sceneViewState":{"showFog":true,"showMaterialUpdate":false,"showSkybox":false,"showFlares":true,"showImageEffects":true,"showParticleSystems":true},"in2DMode":false,"pivot":{"x":-0.27779045701026919,"y":1.999414086341858,"z":-5.8869829177856449},"rotation":{"x":0.00604259455576539,"y":0.9888509511947632,"z":-0.1427793800830841,"w":0.04184949770569801},"size":4.534482002258301,"orthographic":true}