{"cameraMode":{"drawMode":0,"name":"Shaded","section":"Shading Mode"},"sceneLighting":false,"audioPlay":false,"sceneViewState":{"showFog":true,"showMaterialUpdate":true,"showSkybox":false,"showFlares":true,"showImageEffects":true,"showParticleSystems":true},"in2DMode":false,"pivot":{"x":-2.5007824897766115,"y":-1.8484079837799073,"z":9.571700096130371},"rotation":{"x":0.16727079451084138,"y":-0.33004334568977358,"z":0.059546515345573428,"w":0.927117109298706},"size":17.234586715698243,"orthographic":false}