{"cameraMode":{"drawMode":0,"name":"Shaded","section":"Shading Mode"},"sceneLighting":true,"audioPlay":false,"sceneViewState":{"showFog":true,"showMaterialUpdate":true,"showSkybox":true,"showFlares":true,"showImageEffects":true,"showParticleSystems":true},"in2DMode":false,"pivot":{"x":-17.976560592651368,"y":15.484061241149903,"z":12.486480712890625},"rotation":{"x":0.0839364230632782,"y":0.8724583983421326,"z":-0.16146457195281983,"w":0.4535418152809143},"size":35.33956527709961,"orthographic":true}